timestamp,scenario,predicted_digit,confidence
2026-08-23 15:37:09,normal,1,0.9999
2026-08-23 15:37:11,normal,1,1.0
2026-08-23 15:37:13,normal,4,1.0
2026-08-23 15:37:15,normal,1,0.998
2026-08-23 15:37:17,normal,8,0.9958
2026-08-23 15:37:19,normal,7,1.0
2026-08-23 15:37:21,normal,3,1.0
2026-08-23 15:37:23,normal,1,1.0
2026-08-23 15:37:25,normal,2,1.0
2026-08-23 15:37:27,normal,4,1.0
2026-08-23 15:37:29,normal,6,1.0
2026-08-23 15:37:32,normal,9,0.9998
2026-08-23 15:37:34,normal,3,1.0
2026-08-23 15:37:36,normal,4,0.9999
2026-08-23 15:37:38,normal,2,1.0
2026-08-23 15:37:40,normal,7,1.0
2026-08-23 15:37:42,normal,1,1.0
2026-08-23 15:37:44,normal,8,1.0
2026-08-23 15:37:46,normal,2,1.0
2026-08-23 15:37:48,normal,2,1.0
2026-08-23 15:37:50,normal,4,1.0
2026-08-23 15:37:52,normal,6,1.0
2026-08-23 15:37:54,normal,6,0.9997
2026-08-23 15:37:56,normal,2,1.0
2026-08-23 15:37:58,normal,0,1.0
2026-08-23 15:38:00,normal,2,1.0
2026-08-23 15:38:02,normal,0,1.0
2026-08-23 15:38:04,normal,5,1.0
2026-08-23 15:38:06,normal,6,1.0
2026-08-23 15:38:08,normal,2,1.0
2026-08-23 15:38:10,normal,1,1.0
2026-08-23 15:38:12,normal,8,0.9091
2026-08-23 15:38:14,normal,6,1.0
2026-08-23 15:38:16,normal,1,1.0
2026-08-23 15:38:19,normal,9,1.0
2026-08-23 15:38:21,normal,8,1.0
2026-08-23 15:38:23,normal,0,0.9959
2026-08-23 15:38:25,normal,8,0.9952
2026-08-23 15:38:27,normal,4,1.0
2026-08-23 15:38:29,normal,6,1.0
2026-08-23 15:38:31,normal,2,1.0
2026-08-23 15:38:33,normal,2,1.0
2026-08-23 15:38:35,normal,8,1.0
2026-08-23 15:38:37,normal,6,1.0
2026-08-23 15:38:39,normal,7,1.0
2026-08-23 15:38:41,normal,2,1.0
2026-08-23 15:38:43,normal,6,1.0
2026-08-23 15:38:45,normal,4,1.0
2026-08-23 15:38:47,normal,1,1.0
2026-08-23 15:38:49,normal,1,1.0
2026-08-23 15:38:51,normal,1,0.9989
2026-08-23 15:38:54,normal,4,1.0
2026-08-23 15:38:56,normal,7,1.0
2026-08-23 15:38:58,normal,2,1.0
2026-08-23 15:39:00,normal,9,0.9917
2026-08-23 15:39:02,normal,1,1.0
2026-08-23 15:39:04,normal,5,1.0
2026-08-23 15:39:06,normal,0,1.0
2026-08-23 15:39:08,normal,1,1.0
2026-08-23 15:39:10,normal,0,1.0
2026-08-23 15:39:12,normal,8,0.9887
2026-08-23 15:39:14,normal,8,1.0
2026-08-23 15:39:16,normal,3,1.0
2026-08-23 15:39:18,normal,6,1.0
2026-08-23 15:39:20,normal,7,1.0
2026-08-23 15:39:22,normal,2,1.0
2026-08-23 15:39:24,normal,5,1.0
2026-08-23 15:39:27,normal,2,1.0
2026-08-23 15:39:29,normal,5,1.0
2026-08-23 15:39:31,normal,7,1.0
2026-08-23 15:39:33,normal,2,1.0
2026-08-23 15:39:35,normal,2,1.0
2026-08-23 15:39:37,normal,4,0.9961
2026-08-23 15:39:39,normal,2,1.0
2026-08-23 15:39:41,normal,2,1.0
2026-08-23 15:39:43,normal,9,0.999
2026-08-23 15:39:45,normal,8,1.0
2026-08-23 15:39:47,normal,1,1.0
2026-08-23 15:39:49,normal,1,1.0
2026-08-23 15:39:51,normal,9,1.0
2026-08-23 15:39:54,normal,6,1.0
2026-08-23 15:39:56,normal,5,0.9995
2026-08-23 15:39:58,normal,8,1.0
2026-08-23 15:40:00,normal,0,1.0
2026-08-23 15:40:02,normal,3,1.0
2026-08-23 15:40:04,normal,1,1.0
2026-08-23 15:40:06,normal,1,1.0
2026-08-23 15:40:08,normal,1,1.0
2026-08-23 15:40:10,normal,4,1.0
2026-08-23 15:40:12,normal,2,0.766
2026-08-23 15:40:14,normal,7,1.0
2026-08-23 15:40:16,normal,3,1.0
2026-08-23 15:40:18,normal,4,1.0
2026-08-23 15:40:20,normal,7,1.0
2026-08-23 15:40:22,normal,7,0.9983
2026-08-23 15:40:24,normal,1,1.0
2026-08-23 15:40:26,normal,3,1.0
2026-08-23 15:40:28,normal,2,1.0
2026-08-23 15:40:31,normal,1,1.0
2026-08-23 15:40:33,normal,6,1.0
2026-08-23 15:40:35,normal,3,1.0
2026-08-23 15:40:37,normal,1,1.0
2026-08-23 15:40:39,normal,6,1.0
2026-08-23 15:40:41,normal,3,1.0
2026-08-23 15:40:43,normal,7,1.0
2026-08-23 15:40:45,normal,1,1.0
2026-08-23 15:40:47,normal,1,1.0
2026-08-23 15:40:49,normal,6,0.9999
2026-08-23 15:40:51,normal,6,1.0
2026-08-23 15:40:53,normal,2,1.0
2026-08-23 15:40:55,normal,8,0.9967
2026-08-23 15:40:57,normal,6,1.0
2026-08-23 15:40:59,normal,3,1.0
2026-08-23 15:41:01,normal,2,1.0
2026-08-23 15:41:04,normal,6,1.0
2026-08-23 15:41:06,normal,8,1.0
2026-08-23 15:41:08,normal,8,0.9993
2026-08-23 15:41:10,normal,9,1.0
2026-08-23 15:41:12,normal,3,1.0
2026-08-23 15:41:14,normal,3,1.0
2026-08-23 15:41:16,normal,8,1.0
2026-08-23 15:41:18,normal,3,1.0
2026-08-23 15:41:20,normal,2,1.0
2026-08-23 15:41:22,normal,9,1.0
2026-08-23 15:41:24,normal,5,1.0
2026-08-23 15:41:26,normal,0,1.0
2026-08-23 15:41:28,normal,3,1.0
2026-08-23 15:41:30,normal,8,0.9999
2026-08-23 15:41:32,normal,7,1.0
2026-08-23 15:41:34,normal,5,1.0
2026-08-23 15:41:37,normal,7,1.0
2026-08-23 15:41:39,normal,5,1.0
2026-08-23 15:41:41,normal,2,1.0
2026-08-23 15:41:43,normal,1,0.5631
2026-08-23 15:41:45,normal,6,1.0
2026-08-23 15:41:47,normal,3,1.0
2026-08-23 15:41:49,normal,6,1.0
2026-08-23 15:41:51,normal,6,1.0
2026-08-23 15:41:53,normal,8,0.9998
2026-08-23 15:41:55,normal,5,1.0
2026-08-23 15:41:57,normal,5,1.0
2026-08-23 15:41:59,normal,7,0.9999
2026-08-23 15:42:01,normal,6,1.0
2026-08-23 15:42:03,normal,0,1.0
2026-08-23 15:42:05,normal,2,0.9994
2026-08-23 15:42:08,normal,5,1.0
2026-08-23 15:42:10,normal,1,1.0
2026-08-23 15:42:12,normal,2,1.0
2026-08-23 15:42:14,normal,6,1.0
2026-08-23 15:42:16,normal,0,1.0
2026-08-23 15:42:18,normal,6,1.0
2026-08-23 15:42:20,normal,2,1.0
2026-08-23 15:42:22,normal,5,0.994
2026-08-23 15:42:24,normal,7,0.9998
2026-08-23 15:42:26,normal,5,1.0
2026-08-23 15:42:28,normal,7,0.9995
2026-08-23 15:42:30,normal,9,1.0
2026-08-23 15:42:32,normal,3,1.0
2026-08-23 15:42:34,normal,4,1.0
2026-08-23 15:42:37,normal,4,1.0
2026-08-23 15:42:39,normal,5,0.9993
2026-08-23 15:42:41,normal,8,0.9999
2026-08-23 15:42:43,normal,8,1.0
2026-08-23 15:42:45,normal,6,1.0
2026-08-23 15:42:47,normal,6,1.0
2026-08-23 15:42:49,normal,6,1.0
2026-08-23 15:42:51,normal,2,1.0
2026-08-23 15:42:53,normal,2,1.0
2026-08-23 15:42:55,normal,1,1.0
2026-08-23 15:42:57,normal,1,1.0
2026-08-23 15:42:59,normal,4,1.0
2026-08-23 15:43:01,normal,7,1.0
2026-08-23 15:43:03,normal,9,0.9995
2026-08-23 15:43:05,normal,5,1.0
2026-08-23 15:43:08,normal,8,0.996
2026-08-23 15:43:10,normal,4,1.0
2026-08-23 15:43:12,normal,1,1.0
2026-08-23 15:43:14,normal,5,1.0
2026-08-23 15:43:16,normal,1,1.0
2026-08-23 15:43:18,normal,4,1.0
2026-08-23 15:43:20,normal,3,1.0
2026-08-23 15:43:22,normal,8,1.0
2026-08-23 15:43:24,normal,0,1.0
2026-08-23 15:43:26,normal,7,1.0
2026-08-23 15:43:28,normal,0,1.0
2026-08-23 15:43:30,normal,8,1.0
2026-08-23 15:43:32,normal,1,1.0
2026-08-23 15:43:34,normal,2,1.0
2026-08-23 15:43:36,normal,3,1.0
2026-08-23 15:43:38,normal,7,0.9994
2026-08-23 15:43:40,normal,7,1.0
2026-08-23 15:43:42,normal,5,1.0
2026-08-23 15:43:44,normal,2,1.0
2026-08-23 15:43:46,normal,3,1.0
2026-08-23 15:43:49,normal,5,1.0
2026-08-23 15:43:51,normal,5,1.0
2026-08-23 15:43:53,normal,2,1.0
2026-08-23 15:43:55,normal,0,1.0
2026-08-23 15:43:57,normal,0,1.0
2026-08-23 15:43:59,normal,0,1.0
2026-08-23 15:44:01,normal,3,1.0
2026-08-23 15:44:03,normal,0,1.0
2026-08-23 15:44:05,normal,7,0.9975
2026-08-23 15:44:07,normal,5,1.0
2026-08-23 15:44:09,normal,1,1.0
2026-08-23 15:44:11,normal,9,0.9965
2026-08-23 15:44:13,normal,4,1.0
2026-08-23 15:44:15,normal,1,1.0
2026-08-23 15:44:17,normal,1,1.0
2026-08-23 15:44:19,normal,4,1.0
2026-08-23 15:44:21,normal,1,1.0
2026-08-23 15:44:23,normal,5,1.0
2026-08-23 15:44:25,normal,6,1.0
2026-08-23 15:44:27,normal,3,1.0
2026-08-23 15:44:29,normal,1,1.0
2026-08-23 15:44:32,normal,9,1.0
2026-08-23 15:44:34,normal,4,1.0
2026-08-23 15:44:36,normal,6,1.0
2026-08-23 15:44:38,normal,3,1.0
2026-08-23 15:44:40,normal,2,1.0
2026-08-23 15:44:42,normal,1,1.0
2026-08-23 15:44:44,normal,1,1.0
2026-08-23 15:44:46,normal,5,1.0
2026-08-23 15:44:48,normal,9,1.0
2026-08-23 15:44:50,normal,2,1.0
2026-08-23 15:44:52,normal,8,1.0
2026-08-23 15:44:54,normal,2,1.0
2026-08-23 15:44:56,normal,1,1.0
2026-08-23 15:44:58,normal,4,1.0
2026-08-23 15:45:00,normal,6,1.0
2026-08-23 15:45:02,normal,4,1.0
2026-08-23 15:45:04,normal,5,1.0
2026-08-23 15:45:07,normal,8,1.0
2026-08-23 15:45:09,normal,3,1.0
2026-08-23 15:45:11,normal,2,1.0
2026-08-23 15:45:13,normal,0,1.0
2026-08-23 15:45:15,normal,2,1.0
2026-08-23 15:45:17,normal,3,1.0
2026-08-23 15:45:19,normal,7,1.0
2026-08-23 15:45:21,normal,6,1.0
2026-08-23 15:45:23,normal,1,1.0
2026-08-23 15:45:25,normal,5,1.0
2026-08-23 15:45:27,normal,7,1.0
2026-08-23 15:45:29,normal,4,1.0
2026-08-23 15:45:31,normal,7,1.0
2026-08-23 15:45:33,normal,8,0.9966
2026-08-23 15:45:35,normal,4,1.0
2026-08-23 15:45:37,normal,9,1.0
2026-08-23 15:45:40,normal,4,1.0
2026-08-23 15:45:42,normal,3,1.0
2026-08-23 15:45:44,normal,6,1.0
2026-08-23 15:45:46,normal,7,1.0
2026-08-23 15:45:48,normal,9,0.9949
2026-08-23 15:45:50,normal,6,1.0
2026-08-23 15:45:52,normal,9,1.0
2026-08-23 15:45:54,normal,8,1.0
2026-08-23 15:45:56,normal,3,1.0
2026-08-23 15:45:58,normal,7,1.0
2026-08-23 15:46:00,normal,3,0.9981
2026-08-23 15:46:02,normal,0,1.0
2026-08-23 15:46:04,normal,4,1.0
2026-08-23 15:46:06,normal,7,1.0
2026-08-23 15:46:08,normal,8,1.0
2026-08-23 15:46:10,normal,4,1.0
2026-08-23 15:46:12,normal,9,0.9847
2026-08-23 15:46:14,normal,3,1.0
2026-08-23 15:46:16,normal,5,1.0
2026-08-23 15:46:19,normal,2,1.0
2026-08-23 15:46:21,normal,3,1.0
2026-08-23 15:46:23,normal,9,1.0
2026-08-23 15:46:25,normal,2,1.0
2026-08-23 15:46:27,normal,1,1.0
2026-08-23 15:46:29,normal,7,1.0
2026-08-23 15:46:31,normal,8,1.0
2026-08-23 15:46:33,normal,8,1.0
2026-08-23 15:46:35,normal,6,0.9253
2026-08-23 15:46:37,normal,1,1.0
2026-08-23 15:46:39,normal,7,1.0
2026-08-23 15:46:41,normal,1,1.0
2026-08-23 15:46:43,normal,0,1.0
2026-08-23 15:46:45,normal,2,1.0
2026-08-23 15:46:47,normal,2,1.0
2026-08-23 15:46:50,normal,1,1.0
2026-08-23 15:46:52,normal,3,1.0
2026-08-23 15:46:54,normal,8,0.9998
2026-08-23 15:46:56,normal,0,1.0
2026-08-23 15:46:58,normal,8,0.9999
2026-08-23 15:47:00,normal,5,1.0
2026-08-23 15:47:02,normal,9,0.9885
2026-08-23 15:47:04,normal,7,1.0
2026-08-23 15:47:06,normal,4,1.0
2026-08-23 15:47:08,normal,0,1.0
2026-08-23 15:47:10,normal,0,1.0
2026-08-23 15:47:12,normal,3,0.9998
2026-08-23 15:47:14,normal,1,1.0
2026-08-23 15:47:16,normal,1,1.0
2026-08-23 15:47:18,normal,3,1.0
2026-08-23 15:47:21,normal,4,1.0
2026-08-23 15:47:23,normal,4,1.0
2026-08-23 15:47:25,normal,3,1.0
2026-08-23 15:47:27,noisy,1,0.7476
2026-08-23 15:47:29,noisy,1,0.823
2026-08-23 15:47:31,noisy,4,0.9941
2026-08-23 15:47:33,noisy,8,0.7298
2026-08-23 15:47:35,noisy,8,0.5641
2026-08-23 15:47:37,noisy,7,1.0
2026-08-23 15:47:39,noisy,3,1.0
2026-08-23 15:47:41,noisy,1,0.3737
2026-08-23 15:47:43,noisy,2,1.0
2026-08-23 15:47:45,noisy,4,1.0
2026-08-23 15:47:47,noisy,8,0.8339
2026-08-23 15:47:49,noisy,9,0.7565
2026-08-23 15:47:51,noisy,3,1.0
2026-08-23 15:47:54,noisy,4,0.4113
2026-08-23 15:47:56,noisy,2,1.0
2026-08-23 15:47:58,noisy,7,0.9999
2026-08-23 15:48:00,noisy,1,0.9988
2026-08-23 15:48:02,noisy,8,0.9859
2026-08-23 15:48:04,noisy,2,1.0
2026-08-23 15:48:06,noisy,2,1.0
2026-08-23 15:48:08,noisy,4,0.9999
2026-08-23 15:48:10,noisy,6,0.9695
2026-08-23 15:48:12,noisy,4,0.4728
2026-08-23 15:48:14,noisy,2,1.0
2026-08-23 15:48:16,noisy,0,0.9925
2026-08-23 15:48:18,noisy,2,1.0
2026-08-23 15:48:20,noisy,0,1.0
2026-08-23 15:48:23,noisy,5,1.0
2026-08-23 15:48:25,noisy,6,1.0
2026-08-23 15:48:27,noisy,2,1.0
2026-08-23 15:48:29,noisy,1,0.7055
2026-08-23 15:48:31,noisy,8,0.7726
2026-08-23 15:48:33,noisy,6,0.7512
2026-08-23 15:48:35,noisy,1,0.7883
2026-08-23 15:48:37,noisy,9,0.9924
2026-08-23 15:48:39,noisy,8,0.9983
2026-08-23 15:48:41,noisy,0,0.5739
2026-08-23 15:48:43,noisy,8,0.8838
2026-08-23 15:48:45,noisy,4,1.0
2026-08-23 15:48:47,noisy,6,1.0
2026-08-23 15:48:49,noisy,2,0.9988
2026-08-23 15:48:51,noisy,2,1.0
2026-08-23 15:48:54,noisy,8,0.9998
2026-08-23 15:48:56,noisy,6,1.0
2026-08-23 15:48:58,noisy,7,0.876
2026-08-23 15:49:00,noisy,2,1.0
2026-08-23 15:49:02,noisy,6,1.0
2026-08-23 15:49:04,noisy,4,0.9999
2026-08-23 15:49:06,noisy,1,1.0
2026-08-23 15:49:08,noisy,8,0.2786
2026-08-23 15:49:10,noisy,2,0.5913
2026-08-23 15:49:12,noisy,4,0.9992
2026-08-23 15:49:14,noisy,3,0.7306
2026-08-23 15:49:16,noisy,2,1.0
2026-08-23 15:49:18,noisy,8,0.3517
2026-08-23 15:49:20,noisy,1,1.0
2026-08-23 15:49:22,noisy,5,1.0
2026-08-23 15:49:25,noisy,8,0.4055
2026-08-23 15:49:27,noisy,1,0.9897
2026-08-23 15:49:29,noisy,0,1.0
2026-08-23 15:49:31,noisy,8,0.6187
2026-08-23 15:49:33,noisy,8,0.9946
2026-08-23 15:49:35,noisy,3,0.9977
2026-08-23 15:49:37,noisy,6,1.0
2026-08-23 15:49:39,noisy,7,0.9984
2026-08-23 15:49:41,noisy,2,1.0
2026-08-23 15:49:43,noisy,5,1.0
2026-08-23 15:49:45,noisy,2,1.0
2026-08-23 15:49:47,noisy,5,1.0
2026-08-23 15:49:49,noisy,7,0.9978
2026-08-23 15:49:51,noisy,2,1.0
2026-08-23 15:49:54,noisy,2,1.0
2026-08-23 15:49:56,noisy,4,0.8062
2026-08-23 15:49:58,noisy,2,1.0
2026-08-23 15:50:00,noisy,2,1.0
2026-08-23 15:50:02,noisy,9,0.9897
2026-08-23 15:50:04,noisy,8,0.9324
2026-08-23 15:50:06,noisy,1,0.9209
2026-08-23 15:50:08,noisy,1,1.0
2026-08-23 15:50:10,noisy,9,0.9913
2026-08-23 15:50:12,noisy,5,0.5987
2026-08-23 15:50:14,noisy,3,0.6566
2026-08-23 15:50:16,noisy,8,0.9999
2026-08-23 15:50:18,noisy,0,1.0
2026-08-23 15:50:20,noisy,3,1.0
2026-08-23 15:50:22,noisy,1,0.286
2026-08-23 15:50:25,noisy,1,0.9999
2026-08-23 15:50:27,noisy,8,0.8848
2026-08-23 15:50:29,noisy,4,0.9995
2026-08-23 15:50:31,noisy,0,0.9643
2026-08-23 15:50:33,noisy,7,0.8602
2026-08-23 15:50:35,noisy,3,1.0
2026-08-23 15:50:37,noisy,4,0.773
2026-08-23 15:50:39,noisy,7,0.9989
2026-08-23 15:50:41,noisy,2,0.8705
2026-08-23 15:50:43,noisy,1,1.0
2026-08-23 15:50:45,noisy,3,1.0
2026-08-23 15:50:47,noisy,2,1.0
2026-08-23 15:50:49,noisy,1,0.5588
2026-08-23 15:50:51,noisy,6,0.8837
2026-08-23 15:50:53,noisy,3,1.0
2026-08-23 15:50:55,noisy,1,1.0
2026-08-23 15:50:57,noisy,6,0.5154
2026-08-23 15:51:00,noisy,3,1.0
2026-08-23 15:51:02,noisy,7,0.8445
2026-08-23 15:51:04,noisy,8,0.5281
2026-08-23 15:51:06,noisy,1,1.0
2026-08-23 15:51:08,noisy,5,0.5596
2026-08-23 15:51:10,noisy,6,0.4712
2026-08-23 15:51:12,noisy,2,1.0
2026-08-23 15:51:14,noisy,8,0.8771
2026-08-23 15:51:16,noisy,6,1.0
2026-08-23 15:51:18,noisy,3,0.9999
2026-08-23 15:51:20,noisy,2,1.0
2026-08-23 15:51:22,noisy,6,0.9995
2026-08-23 15:51:24,noisy,8,0.9742
2026-08-23 15:51:26,noisy,8,0.9489
2026-08-23 15:51:28,noisy,9,0.9922
2026-08-23 15:51:30,noisy,3,1.0
2026-08-23 15:51:33,noisy,3,1.0
2026-08-23 15:51:35,noisy,8,0.9978
2026-08-23 15:51:37,noisy,3,0.9999
2026-08-23 15:51:39,noisy,2,1.0
2026-08-23 15:51:41,noisy,9,0.9774
2026-08-23 15:51:43,noisy,5,0.9959
2026-08-23 15:51:45,noisy,0,1.0
2026-08-23 15:51:47,noisy,3,1.0
2026-08-23 15:51:49,noisy,8,0.9096
2026-08-23 15:51:51,noisy,7,0.9394
2026-08-23 15:51:53,noisy,5,1.0
2026-08-23 15:51:55,noisy,7,0.9984
2026-08-23 15:51:57,noisy,5,1.0
2026-08-23 15:51:59,noisy,2,1.0
2026-08-23 15:52:02,noisy,3,0.9717
2026-08-23 15:52:04,noisy,6,0.7644
2026-08-23 15:52:06,noisy,3,0.9996
2026-08-23 15:52:08,noisy,6,1.0
2026-08-23 15:52:10,noisy,6,0.9942
2026-08-23 15:52:12,noisy,8,0.9967
2026-08-23 15:52:14,noisy,5,1.0
2026-08-23 15:52:16,noisy,5,1.0
2026-08-23 15:52:18,noisy,2,0.7107
2026-08-23 15:52:20,noisy,6,0.9947
2026-08-23 15:52:22,noisy,0,1.0
2026-08-23 15:52:24,noisy,2,0.9997
2026-08-23 15:52:26,noisy,5,0.9998
2026-08-23 15:52:28,noisy,1,0.4326
2026-08-23 15:52:30,noisy,2,1.0
2026-08-23 15:52:32,noisy,6,0.9971
2026-08-23 15:52:34,noisy,0,1.0
2026-08-23 15:52:36,noisy,6,0.9998
2026-08-23 15:52:39,noisy,2,0.9997
2026-08-23 15:52:41,noisy,5,0.8623
2026-08-23 15:52:43,noisy,7,0.3557
2026-08-23 15:52:45,noisy,5,0.9999
2026-08-23 15:52:47,noisy,7,0.9325
2026-08-23 15:52:49,noisy,9,0.9167
2026-08-23 15:52:51,noisy,3,1.0
2026-08-23 15:52:53,noisy,4,0.9998
2026-08-23 15:52:55,noisy,4,0.9993
2026-08-23 15:52:57,noisy,5,0.9905
2026-08-23 15:52:59,noisy,8,0.8909
2026-08-23 15:53:01,noisy,8,0.9999
2026-08-23 15:53:03,noisy,6,1.0
2026-08-23 15:53:05,noisy,6,0.996
2026-08-23 15:53:07,noisy,6,0.988
2026-08-23 15:53:10,noisy,2,1.0
2026-08-23 15:53:12,noisy,2,1.0
2026-08-23 15:53:14,noisy,1,1.0
2026-08-23 15:53:16,noisy,1,0.6153
2026-08-23 15:53:18,noisy,4,0.9999
2026-08-23 15:53:20,noisy,7,0.5906
2026-08-23 15:53:22,noisy,9,0.8322
2026-08-23 15:53:24,noisy,5,1.0
2026-08-23 15:53:26,noisy,8,0.8064
2026-08-23 15:53:28,noisy,4,0.7636
2026-08-23 15:53:30,noisy,1,1.0
2026-08-23 15:53:32,noisy,5,1.0
2026-08-23 15:53:34,noisy,1,1.0
2026-08-23 15:53:36,noisy,9,0.6847
2026-08-23 15:53:38,noisy,3,1.0
2026-08-23 15:53:40,noisy,8,0.9999
2026-08-23 15:53:43,noisy,0,1.0
2026-08-23 15:53:45,noisy,7,0.9982
2026-08-23 15:53:47,noisy,0,1.0
2026-08-23 15:53:49,noisy,8,1.0
2026-08-23 15:53:51,noisy,1,0.8528
2026-08-23 15:53:53,noisy,2,1.0
2026-08-23 15:53:55,noisy,3,0.9985
2026-08-23 15:53:57,noisy,8,0.169
2026-08-23 15:53:59,noisy,7,0.6867
2026-08-23 15:54:01,noisy,5,0.9999
2026-08-23 15:54:03,noisy,2,1.0
2026-08-23 15:54:05,noisy,3,1.0
2026-08-23 15:54:07,noisy,5,1.0
2026-08-23 15:54:09,noisy,5,0.7824
2026-08-23 15:54:11,noisy,2,1.0
2026-08-23 15:54:13,noisy,0,1.0
2026-08-23 15:54:15,noisy,0,1.0
2026-08-23 15:54:18,noisy,0,1.0
2026-08-23 15:54:20,noisy,3,0.9995
2026-08-23 15:54:22,noisy,0,1.0
2026-08-23 15:54:24,noisy,9,0.5047
2026-08-23 15:54:26,noisy,5,1.0
2026-08-23 15:54:28,noisy,9,0.4967
2026-08-23 15:54:30,noisy,9,0.9493
2026-08-23 15:54:32,noisy,4,0.9798
2026-08-23 15:54:34,noisy,1,1.0
2026-08-23 15:54:36,noisy,1,0.952
2026-08-23 15:54:38,noisy,4,0.9995
2026-08-23 15:54:40,noisy,1,0.9998
2026-08-23 15:54:42,noisy,5,1.0
2026-08-23 15:54:44,noisy,8,0.41
2026-08-23 15:54:46,noisy,3,0.9991
2026-08-23 15:54:49,noisy,1,0.9937
2026-08-23 15:54:51,noisy,9,0.9383
2026-08-23 15:54:53,noisy,4,0.9965
2026-08-23 15:54:55,noisy,6,1.0
2026-08-23 15:54:57,noisy,3,0.9998
2026-08-23 15:54:59,noisy,2,1.0
2026-08-23 15:55:01,noisy,1,0.8321
2026-08-23 15:55:03,noisy,1,1.0
2026-08-23 15:55:05,noisy,5,0.9675
2026-08-23 15:55:07,noisy,9,0.9987
2026-08-23 15:55:09,noisy,2,1.0
2026-08-23 15:55:11,noisy,8,1.0
2026-08-23 15:55:13,noisy,2,1.0
2026-08-23 15:55:15,noisy,1,0.9556
2026-08-23 15:55:17,noisy,4,0.9999
2026-08-23 15:55:20,noisy,5,0.4468
2026-08-23 15:55:22,noisy,4,0.7489
2026-08-23 15:55:24,noisy,5,0.9996
2026-08-23 15:55:26,noisy,8,1.0
2026-08-23 15:55:28,noisy,3,0.9999
2026-08-23 15:55:30,noisy,2,1.0
2026-08-23 15:55:32,noisy,0,0.993
2026-08-23 15:55:34,noisy,2,1.0
2026-08-23 15:55:36,noisy,3,0.9999
2026-08-23 15:55:38,noisy,2,0.4913
2026-08-23 15:55:40,noisy,6,0.98
2026-08-23 15:55:42,noisy,1,0.9965
2026-08-23 15:55:44,noisy,5,1.0
2026-08-23 15:55:46,noisy,7,0.776
2026-08-23 15:55:48,noisy,4,0.9084
2026-08-23 15:55:50,noisy,7,0.9384
2026-08-23 15:55:53,noisy,8,0.9887
2026-08-23 15:55:55,noisy,4,0.9915
2026-08-23 15:55:57,noisy,9,0.997
2026-08-23 15:55:59,noisy,4,0.9985
2026-08-23 15:56:01,noisy,3,0.9993
2026-08-23 15:56:03,noisy,6,1.0
2026-08-23 15:56:05,noisy,7,1.0
2026-08-23 15:56:07,noisy,9,0.4045
2026-08-23 15:56:09,noisy,5,0.3966
2026-08-23 15:56:11,noisy,9,0.6747
2026-08-23 15:56:13,noisy,8,0.9928
2026-08-23 15:56:15,noisy,3,0.9999
2026-08-23 15:56:17,noisy,2,0.8581
2026-08-23 15:56:19,noisy,3,0.9954
2026-08-23 15:56:21,noisy,0,1.0
2026-08-23 15:56:23,noisy,4,0.8084
2026-08-23 15:56:25,noisy,7,0.6823
2026-08-23 15:56:27,noisy,8,0.9938
2026-08-23 15:56:30,noisy,4,1.0
2026-08-23 15:56:32,noisy,9,0.4826
2026-08-23 15:56:34,noisy,3,1.0
2026-08-23 15:56:36,noisy,5,0.9898
2026-08-23 15:56:38,noisy,2,1.0
2026-08-23 15:56:40,noisy,3,1.0
2026-08-23 15:56:42,noisy,9,0.7447
2026-08-23 15:56:44,noisy,2,1.0
2026-08-23 15:56:46,noisy,3,0.1895
2026-08-23 15:56:48,noisy,7,1.0
2026-08-23 15:56:50,noisy,8,0.9004
2026-08-23 15:56:52,noisy,8,0.9975
2026-08-23 15:56:54,noisy,0,0.8384
2026-08-23 15:56:56,noisy,1,0.9999
2026-08-23 15:56:58,noisy,7,0.9996
2026-08-23 15:57:01,noisy,1,1.0
2026-08-23 15:57:03,noisy,0,1.0
2026-08-23 15:57:05,noisy,2,0.9996
2026-08-23 15:57:07,noisy,2,1.0
2026-08-23 15:57:09,noisy,1,1.0
2026-08-23 15:57:11,noisy,3,1.0
2026-08-23 15:57:13,noisy,8,0.9485
2026-08-23 15:57:15,noisy,0,1.0
2026-08-23 15:57:17,noisy,8,0.905
2026-08-23 15:57:19,noisy,5,1.0
2026-08-23 15:57:21,noisy,9,0.5565
2026-08-23 15:57:23,noisy,7,0.6976
2026-08-23 15:57:25,noisy,4,1.0
2026-08-23 15:57:27,noisy,0,1.0
2026-08-23 15:57:29,noisy,0,1.0
2026-08-23 15:57:31,noisy,3,0.9859
2026-08-23 15:57:34,noisy,1,1.0
2026-08-23 15:57:36,noisy,1,0.9999
2026-08-23 15:57:38,noisy,3,1.0
2026-08-23 15:57:40,noisy,4,1.0
2026-08-23 15:57:42,noisy,4,0.9753
2026-08-23 15:57:44,noisy,3,1.0
2026-08-23 15:57:46,drifted,9,0.3495
2026-08-23 15:57:48,drifted,9,0.3324
2026-08-23 15:57:50,drifted,8,0.6486
2026-08-23 15:57:52,drifted,8,0.3344
2026-08-23 15:57:54,drifted,8,0.2822
2026-08-23 15:57:56,drifted,2,0.6572
2026-08-23 15:57:58,drifted,3,0.5995
2026-08-23 15:58:00,drifted,9,0.352
2026-08-23 15:58:02,drifted,8,0.5765
2026-08-23 15:58:05,drifted,8,0.6699
2026-08-23 15:58:07,drifted,8,0.5262
2026-08-23 15:58:09,drifted,9,0.3738
2026-08-23 15:58:11,drifted,3,0.5103
2026-08-23 15:58:13,drifted,8,0.6699
2026-08-23 15:58:15,drifted,2,0.7408
2026-08-23 15:58:17,drifted,5,0.3448
2026-08-23 15:58:19,drifted,9,0.3684
2026-08-23 15:58:21,drifted,9,0.2523
2026-08-23 15:58:23,drifted,8,0.7434
2026-08-23 15:58:25,drifted,8,0.4738
2026-08-23 15:58:27,drifted,8,0.6699
2026-08-23 15:58:29,drifted,8,0.6699
2026-08-23 15:58:31,drifted,8,0.6743
2026-08-23 15:58:33,drifted,3,0.6255
2026-08-23 15:58:35,drifted,0,0.3695
2026-08-23 15:58:38,drifted,8,0.7995
2026-08-23 15:58:40,drifted,5,0.5417
2026-08-23 15:58:42,drifted,3,0.6524
2026-08-23 15:58:44,drifted,8,0.5541
2026-08-23 15:58:46,drifted,8,0.6275
2026-08-23 15:58:48,drifted,9,0.2957
2026-08-23 15:58:50,drifted,9,0.3392
2026-08-23 15:58:52,drifted,8,0.8914
2026-08-23 15:58:54,drifted,9,0.3445
2026-08-23 15:58:56,drifted,8,0.833
2026-08-23 15:58:58,drifted,8,0.3715
2026-08-23 15:59:00,drifted,9,0.3119
2026-08-23 15:59:02,drifted,8,0.4158
2026-08-23 15:59:04,drifted,8,0.6699
2026-08-23 15:59:06,drifted,8,0.6699
2026-08-23 15:59:08,drifted,3,0.3121
2026-08-23 15:59:11,drifted,8,0.733
2026-08-23 15:59:13,drifted,8,0.7076
2026-08-23 15:59:15,drifted,8,0.6767
2026-08-23 15:59:17,drifted,9,0.3654
2026-08-23 15:59:19,drifted,8,0.5128
2026-08-23 15:59:21,drifted,8,0.6792
2026-08-23 15:59:23,drifted,8,0.6699
2026-08-23 15:59:25,drifted,9,0.3157
2026-08-23 15:59:27,drifted,8,0.2867
2026-08-23 15:59:29,drifted,8,0.2884
2026-08-23 15:59:31,drifted,8,0.6699
2026-08-23 15:59:33,drifted,3,0.6334
2026-08-23 15:59:35,drifted,8,0.6699
2026-08-23 15:59:37,drifted,3,0.3228
2026-08-23 15:59:39,drifted,8,0.5018
2026-08-23 15:59:41,drifted,5,0.9235
2026-08-23 15:59:43,drifted,8,0.2666
2026-08-23 15:59:46,drifted,9,0.3256
2026-08-23 15:59:48,drifted,5,0.4362
2026-08-23 15:59:50,drifted,8,0.3015
2026-08-23 15:59:52,drifted,8,0.6699
2026-08-23 15:59:54,drifted,3,0.3629
2026-08-23 15:59:56,drifted,8,0.6699
2026-08-23 15:59:58,drifted,9,0.3255
2026-08-23 16:00:00,drifted,8,0.6699
2026-08-23 16:00:02,drifted,3,0.5114
2026-08-23 16:00:04,drifted,8,0.4624
2026-08-23 16:00:06,drifted,3,0.5309
2026-08-23 16:00:08,drifted,8,0.6914
2026-08-23 16:00:10,drifted,9,0.3612
2026-08-23 16:00:12,drifted,2,0.6516
2026-08-23 16:00:14,drifted,8,0.4172
2026-08-23 16:00:16,drifted,8,0.642
2026-08-23 16:00:19,drifted,2,0.957
2026-08-23 16:00:21,drifted,8,0.284
2026-08-23 16:00:23,drifted,8,0.8257
2026-08-23 16:00:25,drifted,9,0.3672
2026-08-23 16:00:27,drifted,8,0.3849
2026-08-23 16:00:29,drifted,8,0.4776
2026-08-23 16:00:31,drifted,8,0.2911
2026-08-23 16:00:33,drifted,9,0.3396
2026-08-23 16:00:35,drifted,8,0.3901
2026-08-23 16:00:37,drifted,0,0.4504
2026-08-23 16:00:39,drifted,3,0.5527
2026-08-23 16:00:41,drifted,9,0.3086
2026-08-23 16:00:43,drifted,9,0.3731
2026-08-23 16:00:45,drifted,8,0.4803
2026-08-23 16:00:47,drifted,8,0.6699
2026-08-23 16:00:50,drifted,8,0.6699
2026-08-23 16:00:52,drifted,8,0.3136
2026-08-23 16:00:54,drifted,3,0.5423
2026-08-23 16:00:56,drifted,8,0.6015
2026-08-23 16:00:58,drifted,8,0.2841
2026-08-23 16:01:00,drifted,8,0.2424
2026-08-23 16:01:02,drifted,8,0.495
2026-08-23 16:01:04,drifted,3,0.4242
2026-08-23 16:01:06,drifted,2,0.9968
2026-08-23 16:01:08,drifted,9,0.3149
2026-08-23 16:01:10,drifted,0,0.3071
2026-08-23 16:01:12,drifted,3,0.7598
2026-08-23 16:01:14,drifted,8,0.3427
2026-08-23 16:01:16,drifted,8,0.266
2026-08-23 16:01:18,drifted,3,0.7978
2026-08-23 16:01:20,drifted,8,0.2615
2026-08-23 16:01:23,drifted,9,0.3592
2026-08-23 16:01:25,drifted,8,0.4919
2026-08-23 16:01:27,drifted,5,0.3471
2026-08-23 16:01:29,drifted,8,0.6498
2026-08-23 16:01:31,drifted,2,0.5299
2026-08-23 16:01:33,drifted,8,0.4001
2026-08-23 16:01:35,drifted,8,0.8058
2026-08-23 16:01:37,drifted,8,0.5739
2026-08-23 16:01:39,drifted,8,0.7119
2026-08-23 16:01:41,drifted,8,0.6699
2026-08-23 16:01:43,drifted,9,0.3722
2026-08-23 16:01:45,drifted,8,0.7209
2026-08-23 16:01:47,drifted,8,0.466
2026-08-23 16:01:49,drifted,3,0.9355
2026-08-23 16:01:51,drifted,5,0.4816
2026-08-23 16:01:53,drifted,8,0.7665
2026-08-23 16:01:55,drifted,3,0.6112
2026-08-23 16:01:57,drifted,8,0.7963
2026-08-23 16:01:59,drifted,9,0.3769
2026-08-23 16:02:01,drifted,5,0.8243
2026-08-23 16:02:04,drifted,8,0.5237
2026-08-23 16:02:06,drifted,8,0.3371
2026-08-23 16:02:08,drifted,8,0.3654
2026-08-23 16:02:10,drifted,3,0.4214
2026-08-23 16:02:12,drifted,5,0.8976
2026-08-23 16:02:14,drifted,8,0.528
2026-08-23 16:02:16,drifted,5,0.8611
2026-08-23 16:02:18,drifted,8,0.7595
2026-08-23 16:02:20,drifted,3,0.6217
2026-08-23 16:02:22,drifted,8,0.65
2026-08-23 16:02:24,drifted,5,0.5917
2026-08-23 16:02:26,drifted,8,0.4007
2026-08-23 16:02:28,drifted,8,0.6699
2026-08-23 16:02:30,drifted,8,0.3319
2026-08-23 16:02:32,drifted,5,0.7615
2026-08-23 16:02:34,drifted,5,0.3037
2026-08-23 16:02:37,drifted,8,0.2534
2026-08-23 16:02:39,drifted,8,0.6791
2026-08-23 16:02:41,drifted,8,0.3349
2026-08-23 16:02:43,drifted,8,0.5216
2026-08-23 16:02:45,drifted,5,0.7248
2026-08-23 16:02:47,drifted,8,0.3665
2026-08-23 16:02:49,drifted,3,0.3862
2026-08-23 16:02:51,drifted,8,0.4766
2026-08-23 16:02:53,drifted,8,0.5793
2026-08-23 16:02:55,drifted,8,0.4112
2026-08-23 16:02:57,drifted,8,0.5125
2026-08-23 16:02:59,drifted,5,0.4036
2026-08-23 16:03:01,drifted,3,0.397
2026-08-23 16:03:03,drifted,5,0.6943
2026-08-23 16:03:05,drifted,0,0.2219
2026-08-23 16:03:07,drifted,8,0.6699
2026-08-23 16:03:09,drifted,3,0.4456
2026-08-23 16:03:12,drifted,8,0.6699
2026-08-23 16:03:14,drifted,8,0.6287
2026-08-23 16:03:16,drifted,5,0.4385
2026-08-23 16:03:18,drifted,5,0.2536
2026-08-23 16:03:20,drifted,8,0.8617
2026-08-23 16:03:22,drifted,8,0.8383
2026-08-23 16:03:24,drifted,8,0.2745
2026-08-23 16:03:26,drifted,8,0.4086
2026-08-23 16:03:28,drifted,8,0.6699
2026-08-23 16:03:30,drifted,8,0.7053
2026-08-23 16:03:32,drifted,8,0.7153
2026-08-23 16:03:34,drifted,9,0.3782
2026-08-23 16:03:36,drifted,8,0.5778
2026-08-23 16:03:38,drifted,3,0.3536
2026-08-23 16:03:40,drifted,3,0.3613
2026-08-23 16:03:43,drifted,5,0.4675
2026-08-23 16:03:45,drifted,8,0.6699
2026-08-23 16:03:47,drifted,9,0.2319
2026-08-23 16:03:49,drifted,8,0.4102
2026-08-23 16:03:51,drifted,5,0.5815
2026-08-23 16:03:53,drifted,9,0.3143
2026-08-23 16:03:55,drifted,8,0.6699
2026-08-23 16:03:57,drifted,3,0.5197
2026-08-23 16:03:59,drifted,8,0.9054
2026-08-23 16:04:01,drifted,8,0.2687
2026-08-23 16:04:03,drifted,9,0.3505
2026-08-23 16:04:05,drifted,5,0.2606
2026-08-23 16:04:07,drifted,8,0.6383
2026-08-23 16:04:09,drifted,8,0.4373
2026-08-23 16:04:11,drifted,8,0.5922
2026-08-23 16:04:13,drifted,3,0.4562
2026-08-23 16:04:15,drifted,9,0.3039
2026-08-23 16:04:17,drifted,8,0.2562
2026-08-23 16:04:20,drifted,5,0.3389
2026-08-23 16:04:22,drifted,8,0.7417
2026-08-23 16:04:24,drifted,5,0.4512
2026-08-23 16:04:26,drifted,5,0.7785
2026-08-23 16:04:28,drifted,3,0.5149
2026-08-23 16:04:30,drifted,3,0.6364
2026-08-23 16:04:32,drifted,5,0.2787
2026-08-23 16:04:34,drifted,8,0.6699
2026-08-23 16:04:36,drifted,0,0.4893
2026-08-23 16:04:38,drifted,8,0.7955
2026-08-23 16:04:40,drifted,0,0.496
2026-08-23 16:04:42,drifted,8,0.4636
2026-08-23 16:04:44,drifted,8,0.3036
2026-08-23 16:04:46,drifted,9,0.3056
2026-08-23 16:04:48,drifted,8,0.6699
2026-08-23 16:04:51,drifted,8,0.6117
2026-08-23 16:04:53,drifted,8,0.5543
2026-08-23 16:04:55,drifted,9,0.2882
2026-08-23 16:04:57,drifted,8,0.6699
2026-08-23 16:04:59,drifted,9,0.3232
2026-08-23 16:05:01,drifted,8,0.6621
2026-08-23 16:05:03,drifted,8,0.3015
2026-08-23 16:05:05,drifted,3,0.7975
2026-08-23 16:05:07,drifted,8,0.4637
2026-08-23 16:05:09,drifted,8,0.4389
2026-08-23 16:05:11,drifted,8,0.4974
2026-08-23 16:05:13,drifted,8,0.7538
2026-08-23 16:05:15,drifted,3,0.5958
2026-08-23 16:05:17,drifted,8,0.6883
2026-08-23 16:05:19,drifted,8,0.3046
2026-08-23 16:05:21,drifted,8,0.3651
2026-08-23 16:05:24,drifted,5,0.4683
2026-08-23 16:05:26,drifted,8,0.7721
2026-08-23 16:05:28,drifted,8,0.8236
2026-08-23 16:05:30,drifted,8,0.8822
2026-08-23 16:05:32,drifted,8,0.7664
2026-08-23 16:05:34,drifted,8,0.3544
2026-08-23 16:05:36,drifted,8,0.6699
2026-08-23 16:05:38,drifted,5,0.2651
2026-08-23 16:05:40,drifted,8,0.6699
2026-08-23 16:05:42,drifted,5,0.5814
2026-08-23 16:05:44,drifted,8,0.6699
2026-08-23 16:05:46,drifted,3,0.3521
2026-08-23 16:05:48,drifted,2,0.6255
2026-08-23 16:05:50,drifted,8,0.6699
2026-08-23 16:05:52,drifted,8,0.5458
2026-08-23 16:05:54,drifted,9,0.3749
2026-08-23 16:05:57,drifted,8,0.2901
2026-08-23 16:05:59,drifted,8,0.4751
2026-08-23 16:06:01,drifted,8,0.4075
2026-08-23 16:06:03,drifted,5,0.8212
2026-08-23 16:06:05,drifted,3,0.3352
2026-08-23 16:06:07,drifted,8,0.6699
2026-08-23 16:06:09,drifted,8,0.2462
2026-08-23 16:06:11,drifted,8,0.644
2026-08-23 16:06:13,drifted,8,0.5524
2026-08-23 16:06:15,drifted,8,0.2901
2026-08-23 16:06:17,drifted,8,0.5855
2026-08-23 16:06:19,drifted,3,0.6447
2026-08-23 16:06:21,drifted,8,0.53
2026-08-23 16:06:23,drifted,0,0.3138
2026-08-23 16:06:25,drifted,5,0.2507
2026-08-23 16:06:27,drifted,9,0.3392
2026-08-23 16:06:29,drifted,8,0.6699
2026-08-23 16:06:31,drifted,8,0.8279
2026-08-23 16:06:34,drifted,3,0.8226
2026-08-23 16:06:36,drifted,8,0.2819
2026-08-23 16:06:38,drifted,3,0.7727
2026-08-23 16:06:40,drifted,0,0.7224
2026-08-23 16:06:42,drifted,8,0.5103
2026-08-23 16:06:44,drifted,9,0.3741
2026-08-23 16:06:46,drifted,8,0.8216
2026-08-23 16:06:48,drifted,8,0.6699
2026-08-23 16:06:50,drifted,9,0.3029
2026-08-23 16:06:52,drifted,3,0.5653
2026-08-23 16:06:54,drifted,5,0.8074
2026-08-23 16:06:56,drifted,2,0.9034
2026-08-23 16:06:58,drifted,3,0.7755
2026-08-23 16:07:00,drifted,8,0.277
2026-08-23 16:07:02,drifted,2,0.808
2026-08-23 16:07:04,drifted,9,0.3702
2026-08-23 16:07:07,drifted,8,0.2602
2026-08-23 16:07:09,drifted,8,0.7345
2026-08-23 16:07:11,drifted,8,0.3464
2026-08-23 16:07:13,drifted,8,0.6354
2026-08-23 16:07:15,drifted,8,0.4524
2026-08-23 16:07:17,drifted,8,0.3317
2026-08-23 16:07:19,drifted,8,0.2954
2026-08-23 16:07:21,drifted,5,0.3863
2026-08-23 16:07:23,drifted,8,0.8192
2026-08-23 16:07:25,drifted,2,0.9385
2026-08-23 16:07:27,drifted,9,0.3646
2026-08-23 16:07:29,drifted,3,0.8178
2026-08-23 16:07:31,drifted,8,0.369
2026-08-23 16:07:33,drifted,8,0.2906
2026-08-23 16:07:36,drifted,8,0.3252
2026-08-23 16:07:38,drifted,5,0.8821
2026-08-23 16:07:40,drifted,8,0.3001
2026-08-23 16:07:42,drifted,3,0.3128
2026-08-23 16:07:44,drifted,8,0.5834
2026-08-23 16:07:46,drifted,9,0.2074
2026-08-23 16:07:48,drifted,0,0.3221
2026-08-23 16:07:50,drifted,3,0.6839
2026-08-23 16:07:52,drifted,8,0.3599
2026-08-23 16:07:54,drifted,9,0.3606
2026-08-23 16:07:56,drifted,8,0.2836
2026-08-23 16:07:58,drifted,8,0.4311
2026-08-23 16:08:00,drifted,8,0.6334
2026-08-23 16:08:02,drifted,3,0.4219
